"subind","runnum","first","cond_type","N","rt_median","acc_avg","groups"
"0_009","1",1,"active_ns",7,4.128202080725,0.857142857142857,"A_first"
"0_009","1",1,"active_s",8,3.272386431695,1,"A_first"
"0_009","1",1,"passive_ns",8,4.298553943635,1,"A_first"
"0_009","1",1,"passive_s",8,5.71239614487,0.625,"A_first"
"0_009","2",1,"active_ns",8,4.675298571585,1,"A_first"
"0_009","2",1,"active_s",8,4.40409588814,0.625,"A_first"
"0_009","2",1,"passive_ns",8,4.42291402817,1,"A_first"
"0_009","2",1,"passive_s",8,4.688049077985,0.75,"A_first"
"0_013","1",1,"active_ns",8,4.63672018051,0.875,"A_first"
"0_013","1",1,"active_s",8,3.50798296928,0.875,"A_first"
"0_013","1",1,"passive_ns",8,5.013684153555,1,"A_first"
"0_013","1",1,"passive_s",8,5.42708206177,0.875,"A_first"
"0_013","2",1,"active_ns",8,4.19352912903,0.875,"A_first"
"0_013","2",1,"active_s",8,4.38434505463,0.625,"A_first"
"0_013","2",1,"passive_ns",8,4.757399559025,0.5,"A_first"
"0_013","2",1,"passive_s",8,6.14373207092,0.875,"A_first"
"0_013","3",1,"active_ns",8,4.10258793831,0.875,"A_first"
"0_013","3",1,"active_s",8,4.452963471415,0.75,"A_first"
"0_013","3",1,"passive_ns",8,4.78328609467,0.875,"A_first"
"0_013","3",1,"passive_s",8,4.634085059165,0.75,"A_first"
"0_025","1",1,"active_ns",8,3.124225497245,0.75,"A_first"
"0_025","1",1,"active_s",8,2.40654087067,0.625,"A_first"
"0_025","1",1,"passive_ns",8,3.762450098995,0.75,"A_first"
"0_025","1",1,"passive_s",8,2.59378910065,0.375,"A_first"
"1_001","1",1,"active_ns",8,4.68985581398,0.75,"A_first"
"1_001","1",1,"active_s",8,4.782334446905,0.75,"A_first"
"1_001","1",1,"passive_ns",8,5.64065897465,1,"A_first"
"1_001","1",1,"passive_s",8,5.68287420273,0.875,"A_first"
"1_001","2",1,"active_ns",8,5.14841747284,1,"A_first"
"1_001","2",1,"active_s",8,4.085738062855,1,"A_first"
"1_001","2",1,"passive_ns",8,5.46447789669,1,"A_first"
"1_001","2",1,"passive_s",8,4.78329205513,0.375,"A_first"
"1_001","3",1,"active_ns",8,5.07020306587,1,"A_first"
"1_001","3",1,"active_s",8,4.14340901375,1,"A_first"
"1_001","3",1,"passive_ns",8,5.19720697403,1,"A_first"
"1_001","3",1,"passive_s",8,6.33115005493,0.625,"A_first"
"1_002","2",1,"active_ns",8,4.165267944335,1,"A_first"
"1_002","2",1,"active_s",8,3.4961669445,0.875,"A_first"
"1_002","2",1,"passive_ns",8,5.03801047802,0.75,"A_first"
"1_002","2",1,"passive_s",8,3.67244040966,0.75,"A_first"
"1_002","3",1,"active_ns",8,4.32948708534,0.625,"A_first"
"1_002","3",1,"active_s",8,4.94821608067,1,"A_first"
"1_002","3",1,"passive_ns",8,5.24784302711,0.875,"A_first"
"1_002","3",1,"passive_s",8,4.2258695364,0.75,"A_first"
"1_004","1",1,"active_ns",8,5.59419846535,0.75,"A_first"
"1_004","1",1,"active_s",8,5.994878053665,0.25,"A_first"
"1_004","1",1,"passive_ns",8,5.07044291496,0.625,"A_first"
"1_004","1",1,"passive_s",8,5.67869496346,0.875,"A_first"
"1_004","2",1,"active_ns",8,5.63235521317,0.875,"A_first"
"1_004","2",1,"active_s",8,6.20779204369,0.875,"A_first"
"1_004","2",1,"passive_ns",8,5.812121152875,0.75,"A_first"
"1_004","2",1,"passive_s",8,5.89725804329,0.375,"A_first"
"1_004","3",1,"active_ns",8,4.897605896,0.875,"A_first"
"1_004","3",1,"active_s",8,4.97136998177,0.875,"A_first"
"1_004","3",1,"passive_ns",8,6.599580049515,0.5,"A_first"
"1_004","3",1,"passive_s",8,5.600684046745,0.75,"A_first"
"1_007","2",1,"active_ns",8,4.25608491898,0.875,"A_first"
"1_007","2",1,"active_s",8,5.88048291206,0.875,"A_first"
"1_007","2",1,"passive_ns",8,6.06980240345,1,"A_first"
"1_007","2",1,"passive_s",8,5.320567011835,1,"A_first"
"1_007","3",1,"active_ns",8,5.706387519835,1,"A_first"
"1_007","3",1,"active_s",8,4.05572414398,0.75,"A_first"
"1_007","3",1,"passive_ns",8,4.86116909981,0.875,"A_first"
"1_007","3",1,"passive_s",8,5.90181303024,0.625,"A_first"
"1_015","1",1,"active_ns",8,6.60971391201,1,"A_first"
"1_015","1",1,"active_s",8,5.45632195473,0.75,"A_first"
"1_015","1",1,"passive_ns",8,7.51840400696,0.875,"A_first"
"1_015","1",1,"passive_s",8,7.26346302032,0.375,"A_first"
"1_015","3",1,"active_ns",8,6.83547449112,1,"A_first"
"1_015","3",1,"active_s",8,6.17349696159,0.375,"A_first"
"1_015","3",1,"passive_ns",8,6.007766485215,1,"A_first"
"1_015","3",1,"passive_s",8,6.042071461675,0.5,"A_first"
"1_020","1",1,"active_ns",8,5.470799446105,0.5,"A_first"
"1_020","1",1,"active_s",8,4.29697990417,0.875,"A_first"
"1_020","1",1,"passive_ns",8,5.27102148533,0.75,"A_first"
"1_020","1",1,"passive_s",8,4.59358119965,0.875,"A_first"
"1_020","3",1,"active_ns",8,6.55170702934,0.625,"A_first"
"1_020","3",1,"active_s",8,4.7603700161,0.625,"A_first"
"1_020","3",1,"passive_ns",8,6.13042211533,0.875,"A_first"
"1_020","3",1,"passive_s",8,5.1278488636,0.875,"A_first"
"1_028","1",1,"active_ns",8,4.193158984185,1,"A_first"
"1_028","1",1,"active_s",8,5.650389552115,0.75,"A_first"
"1_028","1",1,"passive_ns",8,4.76607608795,0.875,"A_first"
"1_028","1",1,"passive_s",8,5.33831000328,0.5,"A_first"
"1_028","2",1,"active_ns",8,4.059482455255,1,"A_first"
"1_028","2",1,"active_s",8,3.837882995605,1,"A_first"
"1_028","2",1,"passive_ns",8,4.686473011975,0.75,"A_first"
"1_028","2",1,"passive_s",8,4.823316931725,0.75,"A_first"
"2_008","1",1,"active_ns",8,4.04512500763,1,"A_first"
"2_008","1",1,"active_s",8,3.802435159685,1,"A_first"
"2_008","1",1,"passive_ns",8,5.02844703197,1,"A_first"
"2_008","1",1,"passive_s",8,4.48740041256,1,"A_first"
"2_008","2",1,"active_ns",8,4.72149705887,0.875,"A_first"
"2_008","2",1,"active_s",8,3.594281077385,1,"A_first"
"2_008","2",1,"passive_ns",8,3.57942795753,0.875,"A_first"
"2_008","2",1,"passive_s",8,4.692299485205,1,"A_first"
"2_008","3",1,"active_ns",8,3.465938448905,0.75,"A_first"
"2_008","3",1,"active_s",8,4.27630496025,0.875,"A_first"
"2_008","3",1,"passive_ns",8,4.13178491592,0.875,"A_first"
"2_008","3",1,"passive_s",8,4.81734585762,0.625,"A_first"
"2_010","1",1,"active_ns",8,5.78900051117,1,"A_first"
"2_010","1",1,"active_s",8,3.893161058425,1,"A_first"
"2_010","1",1,"passive_ns",8,5.68907904625,0.875,"A_first"
"2_010","1",1,"passive_s",8,4.907167434695,0.75,"A_first"
"2_010","2",1,"active_ns",8,5.23891055584,0.75,"A_first"
"2_010","2",1,"active_s",8,3.418254971505,1,"A_first"
"2_010","2",1,"passive_ns",8,5.80142259598,0.5,"A_first"
"2_010","2",1,"passive_s",8,5.00096845627,0.75,"A_first"
"2_010","3",1,"active_ns",8,4.437741518025,1,"A_first"
"2_010","3",1,"active_s",8,4.251180052755,0.75,"A_first"
"2_010","3",1,"passive_ns",8,4.82742094994,0.875,"A_first"
"2_010","3",1,"passive_s",8,4.178570508955,0.75,"A_first"
"2_011","1",1,"active_ns",8,5.88326621056,0.625,"A_first"
"2_011","1",1,"active_s",8,4.57988500595,0.875,"A_first"
"2_011","1",1,"passive_ns",8,4.81909942627,0.5,"A_first"
"2_011","1",1,"passive_s",8,4.615577459335,1,"A_first"
"2_011","2",1,"active_ns",8,3.61655783653,0.625,"A_first"
"2_011","2",1,"active_s",8,3.78209841251,0.75,"A_first"
"2_011","2",1,"passive_ns",8,5.10479617119,0.625,"A_first"
"2_011","2",1,"passive_s",8,4.496778965,0.625,"A_first"
"2_027","1",1,"active_ns",8,4.123659014705,1,"A_first"
"2_027","1",1,"active_s",8,4.28426504135,0.875,"A_first"
"2_027","1",1,"passive_ns",8,3.82362008095,0.875,"A_first"
"2_027","1",1,"passive_s",8,3.69526910782,0.625,"A_first"
"2_027","2",1,"active_ns",8,3.80237138271,1,"A_first"
"2_027","2",1,"active_s",8,3.58353805542,0.75,"A_first"
"2_027","2",1,"passive_ns",8,4.264606952665,1,"A_first"
"2_027","2",1,"passive_s",8,3.85158801079,0.875,"A_first"
"2_027","3",1,"active_ns",8,3.19983506203,0.875,"A_first"
"2_027","3",1,"active_s",8,3.13663697243,0.625,"A_first"
"2_027","3",1,"passive_ns",8,3.81754052639,1,"A_first"
"2_027","3",1,"passive_s",8,3.06365597248,0.5,"A_first"
"2_031","1",1,"active_ns",8,3.2592099905,1,"A_first"
"2_031","1",1,"active_s",8,3.56739616394,0.875,"A_first"
"2_031","1",1,"passive_ns",8,3.74428451061,1,"A_first"
"2_031","1",1,"passive_s",8,3.09438204765,0.625,"A_first"
"2_031","2",1,"active_ns",8,3.62387704849,1,"A_first"
"2_031","2",1,"active_s",8,3.57607197762,0.625,"A_first"
"2_031","2",1,"passive_ns",8,3.07171356678,1,"A_first"
"2_031","2",1,"passive_s",8,3.17292010784,0.75,"A_first"
"2_031","3",1,"active_ns",8,2.61614394188,1,"A_first"
"2_031","3",1,"active_s",8,3.19773006439,0.875,"A_first"
"2_031","3",1,"passive_ns",8,3.248718619345,1,"A_first"
"2_031","3",1,"passive_s",8,3.503231048585,0.75,"A_first"
"0_013_second","3",1,"active_ns",7,4.021931648255,0.857142857142857,"A_second"
"0_013_second","3",1,"active_s",8,4.056461453435,0.75,"A_second"
"0_013_second","3",1,"passive_ns",8,4.70250892639,0.875,"A_second"
"0_013_second","3",1,"passive_s",8,3.60571694374,0.875,"A_second"
"0_026_second","1",1,"active_ns",8,4.78851211071,0.5,"A_second"
"0_026_second","1",1,"active_s",8,3.82168793678,0.625,"A_second"
"0_026_second","1",1,"passive_ns",8,5.0253610611,0.875,"A_second"
"0_026_second","1",1,"passive_s",8,4.9526309967,0.625,"A_second"
"0_049_second","1",1,"active_ns",8,4.468649506565,1,"A_second"
"0_049_second","1",1,"active_s",8,3.39303994179,1,"A_second"
"0_049_second","1",1,"passive_ns",8,4.60084104538,0.875,"A_second"
"0_049_second","1",1,"passive_s",8,3.689871549605,0.75,"A_second"
"0_049_second","2",1,"active_ns",8,3.861710071565,1,"A_second"
"0_049_second","2",1,"active_s",8,3.29443645477,1,"A_second"
"0_049_second","2",1,"passive_ns",8,4.18083810806,0.875,"A_second"
"0_049_second","2",1,"passive_s",8,3.892584443095,0.75,"A_second"
"0_049_second","3",1,"active_ns",8,3.89367389679,0.875,"A_second"
"0_049_second","3",1,"active_s",8,3.48581218719,0.875,"A_second"
"0_049_second","3",1,"passive_ns",8,4.0438195467,1,"A_second"
"0_049_second","3",1,"passive_s",8,3.38346362114,0.5,"A_second"
"0_055_second","1",1,"active_ns",8,5.17587351799,1,"A_second"
"0_055_second","1",1,"active_s",8,4.288531541825,0.5,"A_second"
"0_055_second","1",1,"passive_ns",8,4.996173024175,1,"A_second"
"0_055_second","1",1,"passive_s",8,5.86156105995,0.625,"A_second"
"0_055_second","2",1,"active_ns",8,4.287162065505,1,"A_second"
"0_055_second","2",1,"active_s",8,3.84023118019,0.375,"A_second"
"0_055_second","2",1,"passive_ns",8,4.755086183545,1,"A_second"
"0_055_second","2",1,"passive_s",8,5.74025452137,0.5,"A_second"
"0_055_second","3",1,"active_ns",8,5.240462899205,1,"A_second"
"0_055_second","3",1,"active_s",8,5.10687303543,0.375,"A_second"
"0_055_second","3",1,"passive_ns",8,4.47275900841,1,"A_second"
"0_055_second","3",1,"passive_s",8,6.24581813812,0.375,"A_second"
"1_001_second","1",1,"active_ns",8,4.350394010545,1,"A_second"
"1_001_second","1",1,"active_s",8,4.26786184311,0.875,"A_second"
"1_001_second","1",1,"passive_ns",8,4.81098461151,1,"A_second"
"1_001_second","1",1,"passive_s",8,4.65741300583,0.75,"A_second"
"1_001_second","2",1,"active_ns",8,4.040380477905,1,"A_second"
"1_001_second","2",1,"active_s",8,4.306191444395,0.75,"A_second"
"1_001_second","2",1,"passive_ns",8,4.934510588645,1,"A_second"
"1_001_second","2",1,"passive_s",8,3.8109459877,0.625,"A_second"
"1_004_second","1",1,"active_ns",8,5.644944548605,1,"A_second"
"1_004_second","1",1,"active_s",8,6.54639983177,0.875,"A_second"
"1_004_second","1",1,"passive_ns",8,5.49692106247,0.875,"A_second"
"1_004_second","1",1,"passive_s",8,5.999609470365,0.75,"A_second"
"1_004_second","2",1,"active_ns",8,4.28438186646,0.875,"A_second"
"1_004_second","2",1,"active_s",8,5.17702507973,0.875,"A_second"
"1_004_second","2",1,"passive_ns",8,6.34195756912,1,"A_second"
"1_004_second","2",1,"passive_s",8,6.09343600273,0.875,"A_second"
"1_015_second","1",1,"active_ns",8,7.22142696381,0.875,"A_second"
"1_015_second","1",1,"active_s",8,5.38826417923,0.625,"A_second"
"1_015_second","1",1,"passive_ns",8,6.62760257721,0.75,"A_second"
"1_015_second","1",1,"passive_s",8,6.044491052625,0.5,"A_second"
"1_015_second","2",1,"active_ns",8,7.20906198025,1,"A_second"
"1_015_second","2",1,"active_s",8,6.09238255024,0.75,"A_second"
"1_015_second","2",1,"passive_ns",8,7.23545312881,0.875,"A_second"
"1_015_second","2",1,"passive_s",8,6.78013086319,0.625,"A_second"
"1_015_second","3",1,"active_ns",8,5.54074192047,0.875,"A_second"
"1_015_second","3",1,"active_s",8,5.346733927725,0.5,"A_second"
"1_015_second","3",1,"passive_ns",8,6.024320483205,1,"A_second"
"1_015_second","3",1,"passive_s",8,6.175995111465,0.5,"A_second"
"1_020_second","1",1,"active_ns",8,4.6742875576,1,"A_second"
"1_020_second","1",1,"active_s",8,4.97509288788,0.875,"A_second"
"1_020_second","1",1,"passive_ns",8,5.17406511307,0.875,"A_second"
"1_020_second","1",1,"passive_s",8,5.61674499512,0.625,"A_second"
"1_020_second","2",1,"active_ns",8,4.757650494575,1,"A_second"
"1_020_second","2",1,"active_s",8,5.31038713455,0.625,"A_second"
"1_020_second","2",1,"passive_ns",8,4.41192305088,1,"A_second"
"1_020_second","2",1,"passive_s",8,3.93680477142,0.625,"A_second"
"1_020_second","3",1,"active_ns",8,3.52299296856,1,"A_second"
"1_020_second","3",1,"active_s",8,3.95650053024,0.75,"A_second"
"1_020_second","3",1,"passive_ns",8,4.71573996544,1,"A_second"
"1_020_second","3",1,"passive_s",8,3.95053911209,0.625,"A_second"
"1_028_second","1",1,"active_ns",8,3.95908808708,0.875,"A_second"
"1_028_second","1",1,"active_s",8,2.92739605904,0.625,"A_second"
"1_028_second","1",1,"passive_ns",8,3.71859455109,1,"A_second"
"1_028_second","1",1,"passive_s",8,3.33759593964,0.625,"A_second"
"1_028_second","2",1,"active_ns",8,3.562003970145,1,"A_second"
"1_028_second","2",1,"active_s",8,3.4508459568,0.625,"A_second"
"1_028_second","2",1,"passive_ns",8,3.57983100414,1,"A_second"
"1_028_second","2",1,"passive_s",8,5.461007475855,0.25,"A_second"
"1_028_second","3",1,"active_ns",8,2.98688995838,1,"A_second"
"1_028_second","3",1,"active_s",8,3.10942149162,0.75,"A_second"
"1_028_second","3",1,"passive_ns",8,4.077829003335,1,"A_second"
"1_028_second","3",1,"passive_s",8,3.10608911514,0.625,"A_second"
"1_036_second","1",1,"active_ns",8,4.55477190018,0.875,"A_second"
"1_036_second","1",1,"active_s",8,4.37845802307,0.625,"A_second"
"1_036_second","1",1,"passive_ns",8,5.027557969095,0.75,"A_second"
"1_036_second","1",1,"passive_s",8,5.63963103294,0.625,"A_second"
"1_036_second","2",1,"active_ns",8,4.12209010124,0.875,"A_second"
"1_036_second","2",1,"active_s",8,4.98004758358,0.75,"A_second"
"1_036_second","2",1,"passive_ns",8,4.747050523755,0.75,"A_second"
"1_036_second","2",1,"passive_s",8,5.06709003448,0.375,"A_second"
"2_005_second","1",1,"active_ns",8,5.706655979155,1,"A_second"
"2_005_second","1",1,"active_s",8,4.953849554065,1,"A_second"
"2_005_second","1",1,"passive_ns",8,6.324258565905,1,"A_second"
"2_005_second","1",1,"passive_s",8,4.430275082585,0.75,"A_second"
"2_005_second","2",1,"active_ns",8,4.97142148018,1,"A_second"
"2_005_second","2",1,"active_s",8,4.258825063705,0.75,"A_second"
"2_005_second","2",1,"passive_ns",8,5.56434607506,0.875,"A_second"
"2_005_second","2",1,"passive_s",8,5.87106847763,0.75,"A_second"
"2_005_second","3",1,"active_ns",8,4.35951113701,0.75,"A_second"
"2_005_second","3",1,"active_s",8,2.753447413445,0.75,"A_second"
"2_005_second","3",1,"passive_ns",8,4.44400596619,1,"A_second"
"2_005_second","3",1,"passive_s",8,3.710231900215,0.75,"A_second"
"2_008_second","1",1,"active_ns",8,4.85411989689,1,"A_second"
"2_008_second","1",1,"active_s",8,4.504936099055,0.75,"A_second"
"2_008_second","1",1,"passive_ns",8,4.61045861244,1,"A_second"
"2_008_second","1",1,"passive_s",8,3.87952208519,0.875,"A_second"
"2_008_second","2",1,"active_ns",8,4.411953926085,1,"A_second"
"2_008_second","2",1,"active_s",8,4.503236413005,1,"A_second"
"2_008_second","2",1,"passive_ns",8,4.90872454643,1,"A_second"
"2_008_second","2",1,"passive_s",8,5.01122808456,0.875,"A_second"
"2_008_second","3",1,"active_ns",8,4.52401399612,0.875,"A_second"
"2_008_second","3",1,"active_s",8,4.14480185509,0.875,"A_second"
"2_008_second","3",1,"passive_ns",8,3.778313994405,0.75,"A_second"
"2_008_second","3",1,"passive_s",8,4.049516558645,1,"A_second"
"2_010_second","1",1,"active_ns",8,4.65912950039,1,"A_second"
"2_010_second","1",1,"active_s",8,3.79842400551,0.875,"A_second"
"2_010_second","1",1,"passive_ns",8,5.172360897065,1,"A_second"
"2_010_second","1",1,"passive_s",8,4.09319639206,0.75,"A_second"
"2_010_second","2",1,"active_ns",8,5.24396502972,1,"A_second"
"2_010_second","2",1,"active_s",8,3.95225095749,0.875,"A_second"
"2_010_second","2",1,"passive_ns",8,3.83544206619,0.875,"A_second"
"2_010_second","2",1,"passive_s",8,4.18522894382,0.75,"A_second"
"2_010_second","3",1,"active_ns",8,4.97418355942,1,"A_second"
"2_010_second","3",1,"active_s",8,6.05037021637,0.625,"A_second"
"2_010_second","3",1,"passive_ns",8,5.12670314312,0.75,"A_second"
"2_010_second","3",1,"passive_s",8,5.12463498116,0.625,"A_second"
"2_031_second","1",1,"active_ns",8,3.831683039665,1,"A_second"
"2_031_second","1",1,"active_s",8,3.41080403328,0.875,"A_second"
"2_031_second","1",1,"passive_ns",8,3.42031645775,1,"A_second"
"2_031_second","1",1,"passive_s",8,3.94928753376,1,"A_second"
"2_031_second","2",1,"active_ns",8,3.544869542125,1,"A_second"
"2_031_second","2",1,"active_s",8,4.178224563595,0.75,"A_second"
"2_031_second","2",1,"passive_ns",8,4.344319939615,1,"A_second"
"2_031_second","2",1,"passive_s",8,4.108020424845,0.75,"A_second"
"2_034_second","1",1,"active_ns",8,4.93563890457,0.875,"A_second"
"2_034_second","1",1,"active_s",8,4.50303506851,0.875,"A_second"
"2_034_second","1",1,"passive_ns",8,6.293463110925,1,"A_second"
"2_034_second","1",1,"passive_s",8,4.25553894043,0.25,"A_second"
"2_034_second","2",1,"active_ns",8,4.69217991829,0.625,"A_second"
"2_034_second","2",1,"active_s",8,4.809054851535,0.5,"A_second"
"2_034_second","2",1,"passive_ns",8,7.37631702423,1,"A_second"
"2_034_second","2",1,"passive_s",8,5.49980211258,0.625,"A_second"
"2_048_second","1",1,"active_ns",8,5.626482963565,1,"A_second"
"2_048_second","1",1,"active_s",8,4.20352387428,0.875,"A_second"
"2_048_second","1",1,"passive_ns",8,5.639130949975,1,"A_second"
"2_048_second","1",1,"passive_s",8,5.52680802345,1,"A_second"
"2_048_second","3",1,"active_ns",8,5.60871398449,1,"A_second"
"2_048_second","3",1,"active_s",8,4.01200604439,0.875,"A_second"
"2_048_second","3",1,"passive_ns",8,5.45835494995,0.875,"A_second"
"2_048_second","3",1,"passive_s",8,4.95258903503,0.625,"A_second"
"0_013_third","1",1,"active_ns",8,4.41817116737,0.875,"A_third"
"0_013_third","1",1,"active_s",7,3.50642514229,1,"A_third"
"0_013_third","1",1,"passive_ns",8,3.989727020265,1,"A_third"
"0_013_third","1",1,"passive_s",8,4.20945811272,0.875,"A_third"
"0_013_third","2",1,"active_ns",8,5.60380911827,0.875,"A_third"
"0_013_third","2",1,"active_s",8,3.30904698372,0.625,"A_third"
"0_013_third","2",1,"passive_ns",8,3.25174808502,0.875,"A_third"
"0_013_third","2",1,"passive_s",8,3.92163848877,0.75,"A_third"
"0_013_third","3",1,"active_ns",8,4.84743595123,0.875,"A_third"
"0_013_third","3",1,"active_s",8,3.25606453419,1,"A_third"
"0_013_third","3",1,"passive_ns",8,4.35035395622,0.875,"A_third"
"0_013_third","3",1,"passive_s",8,4.62754106522,0.875,"A_third"
"0_026_third","1",1,"active_ns",8,6.18214404583,1,"A_third"
"0_026_third","1",1,"active_s",8,4.89237654209,1,"A_third"
"0_026_third","1",1,"passive_ns",8,6.59342885017,0.875,"A_third"
"0_026_third","1",1,"passive_s",8,4.96630311012,0.875,"A_third"
"0_026_third","2",1,"active_ns",8,5.13277196884,0.625,"A_third"
"0_026_third","2",1,"active_s",8,5.13049316406,0.875,"A_third"
"0_026_third","2",1,"passive_ns",8,5.03860187531,0.625,"A_third"
"0_026_third","2",1,"passive_s",8,5.64023804665,0.625,"A_third"
"1_001_third","1",1,"active_ns",8,3.11904883385,0.875,"A_third"
"1_001_third","1",1,"active_s",8,3.936294674875,1,"A_third"
"1_001_third","1",1,"passive_ns",8,4.31100845337,1,"A_third"
"1_001_third","1",1,"passive_s",8,3.92235398293,0.75,"A_third"
"1_001_third","2",1,"active_ns",8,3.750253915785,1,"A_third"
"1_001_third","2",1,"active_s",8,4.057094573975,1,"A_third"
"1_001_third","2",1,"passive_ns",8,4.25130844116,1,"A_third"
"1_001_third","2",1,"passive_s",8,4.0925359726,0.875,"A_third"
"1_001_third","3",1,"active_ns",8,3.7737749815,1,"A_third"
"1_001_third","3",1,"active_s",8,3.21040892601,0.875,"A_third"
"1_001_third","3",1,"passive_ns",8,4.631487965585,1,"A_third"
"1_001_third","3",1,"passive_s",8,3.49812197685,0.875,"A_third"
"1_004_third","1",1,"active_ns",8,6.251634955405,1,"A_third"
"1_004_third","1",1,"active_s",8,4.40633904934,1,"A_third"
"1_004_third","1",1,"passive_ns",8,6.528796076775,0.5,"A_third"
"1_004_third","1",1,"passive_s",8,5.94393086433,0.875,"A_third"
"1_004_third","2",1,"active_ns",8,4.96659302711,0.625,"A_third"
"1_004_third","2",1,"active_s",8,5.0478489399,0.875,"A_third"
"1_004_third","2",1,"passive_ns",8,6.625447154045,0.5,"A_third"
"1_004_third","2",1,"passive_s",8,6.7733989954,0.75,"A_third"
"1_004_third","3",1,"active_ns",8,5.15248596668,1,"A_third"
"1_004_third","3",1,"active_s",8,6.07548761368,1,"A_third"
"1_004_third","3",1,"passive_ns",8,4.74787402153,1,"A_third"
"1_004_third","3",1,"passive_s",8,6.555986166,0.875,"A_third"
"1_007_third","1",1,"active_ns",8,5.53628015518,0.875,"A_third"
"1_007_third","1",1,"active_s",8,3.92732012272,1,"A_third"
"1_007_third","1",1,"passive_ns",8,4.807587981225,1,"A_third"
"1_007_third","1",1,"passive_s",8,4.26143455505,0.75,"A_third"
"1_007_third","2",1,"active_ns",8,4.06823849678,1,"A_third"
"1_007_third","2",1,"active_s",8,4.43430888653,0.75,"A_third"
"1_007_third","2",1,"passive_ns",8,4.29203557968,0.75,"A_third"
"1_007_third","2",1,"passive_s",8,5.02632689476,0.875,"A_third"
"1_007_third","3",1,"active_ns",8,4.61860752106,1,"A_third"
"1_007_third","3",1,"active_s",8,2.65640246868,1,"A_third"
"1_007_third","3",1,"passive_ns",8,4.171118974685,1,"A_third"
"1_007_third","3",1,"passive_s",8,3.212582945825,0.75,"A_third"
"1_036_third","1",1,"active_ns",8,4.45602297783,0.875,"A_third"
"1_036_third","1",1,"active_s",8,3.871926426885,0.75,"A_third"
"1_036_third","1",1,"passive_ns",8,6.600714564325,0.75,"A_third"
"1_036_third","1",1,"passive_s",8,3.67548251152,1,"A_third"
"1_036_third","2",1,"active_ns",8,4.35080099106,0.875,"A_third"
"1_036_third","2",1,"active_s",8,4.81625199318,0.75,"A_third"
"1_036_third","2",1,"passive_ns",8,4.77400350571,1,"A_third"
"1_036_third","2",1,"passive_s",8,4.53434050083,0.75,"A_third"
"1_036_third","3",1,"active_ns",8,4.24908804893,0.625,"A_third"
"1_036_third","3",1,"active_s",8,3.7930560112,0.875,"A_third"
"1_036_third","3",1,"passive_ns",8,5.49244689941,0.875,"A_third"
"1_036_third","3",1,"passive_s",8,5.024518847465,0.75,"A_third"
"2_003_third","1",1,"active_ns",8,4.13541460037,1,"A_third"
"2_003_third","1",1,"active_s",8,5.07498192787,0.625,"A_third"
"2_003_third","1",1,"passive_ns",8,4.635586977005,1,"A_third"
"2_003_third","1",1,"passive_s",8,4.906324982645,0.75,"A_third"
"2_005_third","1",1,"active_ns",8,4.78257703781,0.875,"A_third"
"2_005_third","1",1,"active_s",8,4.452111959455,1,"A_third"
"2_005_third","1",1,"passive_ns",8,4.43491697311,0.875,"A_third"
"2_005_third","1",1,"passive_s",8,4.58009147644,1,"A_third"
"2_005_third","2",1,"active_ns",8,3.629948973655,0.75,"A_third"
"2_005_third","2",1,"active_s",8,3.37876343727,1,"A_third"
"2_005_third","2",1,"passive_ns",8,4.21745300293,0.875,"A_third"
"2_005_third","2",1,"passive_s",8,4.340675592425,1,"A_third"
"2_005_third","3",1,"active_ns",8,4.82141637802,1,"A_third"
"2_005_third","3",1,"active_s",8,3.35129749775,1,"A_third"
"2_005_third","3",1,"passive_ns",8,5.97280406952,0.625,"A_third"
"2_005_third","3",1,"passive_s",8,4.073196053505,1,"A_third"
"2_008_third","1",1,"active_ns",8,3.47536706924,1,"A_third"
"2_008_third","1",1,"active_s",8,3.966364502905,0.75,"A_third"
"2_008_third","1",1,"passive_ns",8,4.334986448285,1,"A_third"
"2_008_third","1",1,"passive_s",8,4.20901083946,0.875,"A_third"
"2_008_third","2",1,"active_ns",8,2.918813467025,1,"A_third"
"2_008_third","2",1,"active_s",8,2.595758080485,1,"A_third"
"2_008_third","2",1,"passive_ns",8,3.660765647885,1,"A_third"
"2_008_third","2",1,"passive_s",8,3.17766809464,0.875,"A_third"
"2_008_third","3",1,"active_ns",8,2.970422506335,1,"A_third"
"2_008_third","3",1,"active_s",8,2.73847913742,0.875,"A_third"
"2_008_third","3",1,"passive_ns",8,3.102818489075,1,"A_third"
"2_008_third","3",1,"passive_s",8,2.97575092316,0.875,"A_third"
"2_010_third","1",1,"active_ns",8,4.83584797382,1,"A_third"
"2_010_third","1",1,"active_s",8,3.969409584995,0.75,"A_third"
"2_010_third","1",1,"passive_ns",8,4.576596856115,1,"A_third"
"2_010_third","1",1,"passive_s",8,4.94651484489,0.625,"A_third"
"2_010_third","2",1,"active_ns",8,4.38830947876,1,"A_third"
"2_010_third","2",1,"active_s",8,3.80353498459,0.625,"A_third"
"2_010_third","2",1,"passive_ns",8,4.591389894485,1,"A_third"
"2_010_third","2",1,"passive_s",8,4.82304883003,0.625,"A_third"
"2_010_third","3",1,"active_ns",8,3.29935145378,1,"A_third"
"2_010_third","3",1,"active_s",8,4.283717513085,0.5,"A_third"
"2_010_third","3",1,"passive_ns",8,4.59872698784,1,"A_third"
"2_010_third","3",1,"passive_s",8,4.312274575235,0.75,"A_third"
"2_034_third","1",1,"active_ns",8,4.81685650349,1,"A_third"
"2_034_third","1",1,"active_s",8,3.31281757355,0.75,"A_third"
"2_034_third","1",1,"passive_ns",8,4.61635398865,0.875,"A_third"
"2_034_third","1",1,"passive_s",8,5.24746394157,0.875,"A_third"
"2_034_third","2",1,"active_ns",8,4.438361048695,1,"A_third"
"2_034_third","2",1,"active_s",8,4.86068797112,0.625,"A_third"
"2_034_third","2",1,"passive_ns",8,4.66977500916,0.875,"A_third"
"2_034_third","2",1,"passive_s",8,4.875115036965,0.75,"A_third"
"2_034_third","3",1,"active_ns",8,4.20628499985,1,"A_third"
"2_034_third","3",1,"active_s",8,3.69205641747,1,"A_third"
"2_034_third","3",1,"passive_ns",8,4.8668589592,1,"A_third"
"2_034_third","3",1,"passive_s",8,4.471460461615,1,"A_third"
"ldrc2_0_104","1",1,"active_ns",8,4.68602645397,0.75,"A_first2"
"ldrc2_0_104","1",1,"active_s",7,3.46888113022,1,"A_first2"
"ldrc2_0_104","1",1,"passive_ns",8,4.07082509995,0.875,"A_first2"
"ldrc2_0_104","1",1,"passive_s",8,3.029786467555,0.75,"A_first2"
"ldrc2_0_104","2",1,"active_ns",8,3.6252450943,0.875,"A_first2"
"ldrc2_0_104","2",1,"active_s",8,4.20174908638,1,"A_first2"
"ldrc2_0_104","2",1,"passive_ns",8,4.282281398775,1,"A_first2"
"ldrc2_0_104","2",1,"passive_s",8,4.905329942705,1,"A_first2"
"ldrc2_0_104","3",1,"active_ns",8,4.180102586745,1,"A_first2"
"ldrc2_0_104","3",1,"active_s",8,3.48471355438,1,"A_first2"
"ldrc2_0_104","3",1,"passive_ns",8,3.87029492855,1,"A_first2"
"ldrc2_0_104","3",1,"passive_s",8,4.14856493473,0.75,"A_first2"
"ldrc2_0_122","2",1,"active_ns",8,4.687537431715,0.75,"A_first2"
"ldrc2_0_122","2",1,"active_s",8,3.42706656456,1,"A_first2"
"ldrc2_0_122","2",1,"passive_ns",8,4.83060848713,0.75,"A_first2"
"ldrc2_0_122","2",1,"passive_s",8,4.04605102539,0.625,"A_first2"
"ldrc2_0_122","3",1,"active_ns",8,4.45158147812,1,"A_first2"
"ldrc2_0_122","3",1,"active_s",8,4.54271793365,0.875,"A_first2"
"ldrc2_0_122","3",1,"passive_ns",8,4.505135536195,1,"A_first2"
"ldrc2_0_122","3",1,"passive_s",8,4.320813059805,0.75,"A_first2"
"ldrc2_0_123","1",1,"active_ns",8,4.12559747696,1,"A_first2"
"ldrc2_0_123","1",1,"active_s",8,4.23990011215,0.875,"A_first2"
"ldrc2_0_123","1",1,"passive_ns",8,4.03078198433,1,"A_first2"
"ldrc2_0_123","1",1,"passive_s",8,4.80801010132,0.625,"A_first2"
"ldrc2_0_123","3",1,"active_ns",8,3.6315779686,0.875,"A_first2"
"ldrc2_0_123","3",1,"active_s",8,2.40362048149,1,"A_first2"
"ldrc2_0_123","3",1,"passive_ns",8,3.15177452564,1,"A_first2"
"ldrc2_0_123","3",1,"passive_s",8,3.22030687332,0.875,"A_first2"
"ldrc2_0_124","1",1,"active_ns",8,3.46197104454,0.75,"A_first2"
"ldrc2_0_124","1",1,"active_s",8,2.552171587945,0.75,"A_first2"
"ldrc2_0_124","1",1,"passive_ns",8,3.42813396454,1,"A_first2"
"ldrc2_0_124","1",1,"passive_s",8,2.88830292225,0.75,"A_first2"
"ldrc2_0_124","2",1,"active_ns",8,3.014844059945,1,"A_first2"
"ldrc2_0_124","2",1,"active_s",8,2.52304685116,1,"A_first2"
"ldrc2_0_124","2",1,"passive_ns",8,3.440231084825,1,"A_first2"
"ldrc2_0_124","2",1,"passive_s",8,2.45231795311,0.875,"A_first2"
"ldrc2_0_124","3",1,"active_ns",8,2.70515298843,0.875,"A_first2"
"ldrc2_0_124","3",1,"active_s",8,2.108633637425,1,"A_first2"
"ldrc2_0_124","3",1,"passive_ns",8,3.387801408765,1,"A_first2"
"ldrc2_0_124","3",1,"passive_s",8,2.82124888897,1,"A_first2"
"ldrc2_0_137","1",1,"active_ns",8,4.597908973695,1,"A_first2"
"ldrc2_0_137","1",1,"active_s",8,3.737460970875,1,"A_first2"
"ldrc2_0_137","1",1,"passive_ns",8,5.28107750416,0.75,"A_first2"
"ldrc2_0_137","1",1,"passive_s",8,4.801666378975,0.75,"A_first2"
"ldrc2_0_137","2",1,"active_ns",8,4.57901978493,0.875,"A_first2"
"ldrc2_0_137","2",1,"active_s",8,3.57547843456,1,"A_first2"
"ldrc2_0_137","2",1,"passive_ns",8,4.750390052795,0.75,"A_first2"
"ldrc2_0_137","2",1,"passive_s",8,4.751729011535,0.75,"A_first2"
"ldrc2_0_137","3",1,"active_ns",8,4.973019957545,0.75,"A_first2"
"ldrc2_0_137","3",1,"active_s",8,3.21628797054,0.75,"A_first2"
"ldrc2_0_137","3",1,"passive_ns",8,4.77044391632,0.875,"A_first2"
"ldrc2_0_137","3",1,"passive_s",8,4.25458598137,0.75,"A_first2"
"ldrc2_0_140","1",1,"active_ns",8,4.67897105217,0.875,"A_first2"
"ldrc2_0_140","1",1,"active_s",8,4.21590554714,1,"A_first2"
"ldrc2_0_140","1",1,"passive_ns",8,6.25311207771,0.875,"A_first2"
"ldrc2_0_140","1",1,"passive_s",8,4.89710402489,0.875,"A_first2"
"ldrc2_0_140","2",1,"active_ns",8,5.77819490433,0.625,"A_first2"
"ldrc2_0_140","2",1,"active_s",8,6.36249804497,0.625,"A_first2"
"ldrc2_0_140","2",1,"passive_ns",8,6.58264899254,0.75,"A_first2"
"ldrc2_0_140","2",1,"passive_s",8,4.816717982295,1,"A_first2"
"ldrc2_0_140","3",1,"active_ns",8,5.82319021225,0.875,"A_first2"
"ldrc2_0_140","3",1,"active_s",8,5.09952247143,1,"A_first2"
"ldrc2_0_140","3",1,"passive_ns",8,6.19518399239,0.875,"A_first2"
"ldrc2_0_140","3",1,"passive_s",8,4.95572400093,0.75,"A_first2"
"ldrc2_0_143","1",1,"active_ns",8,4.33971500397,0.875,"A_first2"
"ldrc2_0_143","1",1,"active_s",8,4.34097003937,0.875,"A_first2"
"ldrc2_0_143","1",1,"passive_ns",8,4.84124493599,0.875,"A_first2"
"ldrc2_0_143","1",1,"passive_s",8,4.30759346485,0.75,"A_first2"
"ldrc2_0_143","2",1,"active_ns",8,3.5810559988,1,"A_first2"
"ldrc2_0_143","2",1,"active_s",8,3.956859946255,1,"A_first2"
"ldrc2_0_143","2",1,"passive_ns",8,4.018396019935,1,"A_first2"
"ldrc2_0_143","2",1,"passive_s",8,4.36873352528,0.75,"A_first2"
"ldrc2_0_143","3",1,"active_ns",8,4.84075295925,1,"A_first2"
"ldrc2_0_143","3",1,"active_s",8,4.8493950367,0.5,"A_first2"
"ldrc2_0_143","3",1,"passive_ns",8,5.057836055755,1,"A_first2"
"ldrc2_0_143","3",1,"passive_s",8,4.92708182335,0.875,"A_first2"
"ldrc2_0_145","1",1,"active_ns",8,4.27419602871,1,"A_first2"
"ldrc2_0_145","1",1,"active_s",8,3.07375204563,1,"A_first2"
"ldrc2_0_145","1",1,"passive_ns",8,3.512937545775,1,"A_first2"
"ldrc2_0_145","1",1,"passive_s",8,3.17178595066,0.75,"A_first2"
"ldrc2_0_145","2",1,"active_ns",8,4.72189390659,1,"A_first2"
"ldrc2_0_145","2",1,"active_s",8,3.34189212322,1,"A_first2"
"ldrc2_0_145","2",1,"passive_ns",8,5.448351502415,1,"A_first2"
"ldrc2_0_145","2",1,"passive_s",8,3.23260116577,0.875,"A_first2"
"ldrc2_0_145","3",1,"active_ns",8,4.54627203941,1,"A_first2"
"ldrc2_0_145","3",1,"active_s",8,3.54985105991,1,"A_first2"
"ldrc2_0_145","3",1,"passive_ns",8,3.48174893856,1,"A_first2"
"ldrc2_0_145","3",1,"passive_s",8,3.8401350975,1,"A_first2"
"ldrc2_0_151","1",1,"active_ns",8,5.022961497305,1,"A_first2"
"ldrc2_0_151","1",1,"active_s",8,4.92459952831,1,"A_first2"
"ldrc2_0_151","1",1,"passive_ns",8,5.29693698883,0.875,"A_first2"
"ldrc2_0_151","1",1,"passive_s",8,4.23776006699,0.875,"A_first2"
"ldrc2_0_151","2",1,"active_ns",8,4.66440701485,1,"A_first2"
"ldrc2_0_151","2",1,"active_s",8,3.181367516515,0.5,"A_first2"
"ldrc2_0_151","2",1,"passive_ns",8,5.352871537205,1,"A_first2"
"ldrc2_0_151","2",1,"passive_s",8,4.15922403336,0.625,"A_first2"
"ldrc2_0_151","3",1,"active_ns",8,3.923679471015,1,"A_first2"
"ldrc2_0_151","3",1,"active_s",8,5.15156555176,0.75,"A_first2"
"ldrc2_0_151","3",1,"passive_ns",8,5.02843952179,1,"A_first2"
"ldrc2_0_151","3",1,"passive_s",8,4.669931411745,0.5,"A_first2"
"ldrc2_0_172","1",1,"active_ns",8,4.323330402375,0.75,"A_first2"
"ldrc2_0_172","1",1,"active_s",8,4.361982941625,1,"A_first2"
"ldrc2_0_172","1",1,"passive_ns",8,5.63501548767,1,"A_first2"
"ldrc2_0_172","1",1,"passive_s",8,4.29241204262,0.875,"A_first2"
"ldrc2_0_172","2",1,"active_ns",8,5.395687460895,1,"A_first2"
"ldrc2_0_172","2",1,"active_s",8,4.32556796074,0.875,"A_first2"
"ldrc2_0_172","2",1,"passive_ns",8,6.58571815491,0.875,"A_first2"
"ldrc2_0_172","2",1,"passive_s",8,4.49483394623,1,"A_first2"
"ldrc2_0_172","3",1,"active_ns",8,3.873745918275,1,"A_first2"
"ldrc2_0_172","3",1,"active_s",8,3.505395531655,1,"A_first2"
"ldrc2_0_172","3",1,"passive_ns",8,4.81882190704,1,"A_first2"
"ldrc2_0_172","3",1,"passive_s",8,4.47401702404,1,"A_first2"
"ldrc2_1_129","1",1,"active_ns",8,3.243135929105,1,"A_first2"
"ldrc2_1_129","1",1,"active_s",8,2.38937711716,0.875,"A_first2"
"ldrc2_1_129","1",1,"passive_ns",8,3.361696958545,1,"A_first2"
"ldrc2_1_129","1",1,"passive_s",8,3.18771791458,0.625,"A_first2"
"ldrc2_1_133","1",1,"active_ns",8,5.16306602955,1,"A_first2"
"ldrc2_1_133","1",1,"active_s",8,4.42627596855,0.625,"A_first2"
"ldrc2_1_133","1",1,"passive_ns",8,3.99198102951,1,"A_first2"
"ldrc2_1_133","1",1,"passive_s",8,3.83176994324,0.5,"A_first2"
"ldrc2_1_133","2",1,"active_ns",8,3.47288703918,0.875,"A_first2"
"ldrc2_1_133","2",1,"active_s",8,3.96431851387,1,"A_first2"
"ldrc2_1_133","2",1,"passive_ns",8,3.89484596252,0.875,"A_first2"
"ldrc2_1_133","2",1,"passive_s",8,4.29268884659,0.625,"A_first2"
"ldrc2_1_133","3",1,"active_ns",8,4.40013098717,0.875,"A_first2"
"ldrc2_1_133","3",1,"active_s",8,3.98448705673,0.875,"A_first2"
"ldrc2_1_133","3",1,"passive_ns",8,4.147714972495,1,"A_first2"
"ldrc2_1_133","3",1,"passive_s",8,3.76547956467,0.75,"A_first2"
"ldrc2_1_139","2",1,"active_ns",8,6.19374585152,0.875,"A_first2"
"ldrc2_1_139","2",1,"active_s",8,3.365225434305,0.75,"A_first2"
"ldrc2_1_139","2",1,"passive_ns",8,6.65921401978,0.875,"A_first2"
"ldrc2_1_139","2",1,"passive_s",8,8.39652395248,0.875,"A_first2"
"ldrc2_1_141","1",1,"active_ns",8,6.242832541465,0.75,"A_first2"
"ldrc2_1_141","1",1,"active_s",8,5.80395507812,0.875,"A_first2"
"ldrc2_1_141","1",1,"passive_ns",8,5.63257598877,0.5,"A_first2"
"ldrc2_1_141","1",1,"passive_s",8,5.25311100483,0.75,"A_first2"
"ldrc2_1_141","2",1,"active_ns",8,4.25358891487,0.875,"A_first2"
"ldrc2_1_141","2",1,"active_s",8,3.631867527965,1,"A_first2"
"ldrc2_1_141","2",1,"passive_ns",8,6.22780013084,0.25,"A_first2"
"ldrc2_1_141","2",1,"passive_s",8,3.637778043745,0.75,"A_first2"
"ldrc2_1_141","3",1,"active_ns",8,3.70357203484,0.625,"A_first2"
"ldrc2_1_141","3",1,"active_s",8,4.884848952295,1,"A_first2"
"ldrc2_1_141","3",1,"passive_ns",8,4.576793074605,1,"A_first2"
"ldrc2_1_141","3",1,"passive_s",8,3.374397039415,1,"A_first2"
"ldrc2_1_147","1",1,"active_ns",8,5.56562590599,0.875,"A_first2"
"ldrc2_1_147","1",1,"active_s",8,4.45753443241,0.5,"A_first2"
"ldrc2_1_147","1",1,"passive_ns",8,5.69370818138,0.625,"A_first2"
"ldrc2_1_147","1",1,"passive_s",8,6.93263804913,0.75,"A_first2"
"ldrc2_1_147","3",1,"active_ns",8,5.68039894104,0.875,"A_first2"
"ldrc2_1_147","3",1,"active_s",8,3.68213045597,0.75,"A_first2"
"ldrc2_1_147","3",1,"passive_ns",8,5.686321496965,0.75,"A_first2"
"ldrc2_1_147","3",1,"passive_s",8,7.17980980873,0.875,"A_first2"
"ldrc2_1_152","2",1,"active_ns",8,4.223072052,0.875,"A_first2"
"ldrc2_1_152","2",1,"active_s",8,4.49636435509,1,"A_first2"
"ldrc2_1_152","2",1,"passive_ns",8,5.382781505585,1,"A_first2"
"ldrc2_1_152","2",1,"passive_s",8,5.38509607315,0.75,"A_first2"
"ldrc2_1_157","1",1,"active_ns",8,2.5944070816,0.875,"A_first2"
"ldrc2_1_157","1",1,"active_s",8,3.28395795822,0.875,"A_first2"
"ldrc2_1_157","1",1,"passive_ns",8,2.55230641365,1,"A_first2"
"ldrc2_1_157","1",1,"passive_s",8,3.343017458915,1,"A_first2"
"ldrc2_1_157","2",1,"active_ns",8,2.591648340225,1,"A_first2"
"ldrc2_1_157","2",1,"active_s",8,2.9908208847,0.875,"A_first2"
"ldrc2_1_157","2",1,"passive_ns",8,2.64097857475,1,"A_first2"
"ldrc2_1_157","2",1,"passive_s",8,3.30329418182,0.875,"A_first2"
"ldrc2_1_157","3",1,"active_ns",8,2.95930838585,1,"A_first2"
"ldrc2_1_157","3",1,"active_s",8,2.970635533335,1,"A_first2"
"ldrc2_1_157","3",1,"passive_ns",8,3.22364878654,0.875,"A_first2"
"ldrc2_1_157","3",1,"passive_s",8,3.33497452736,0.75,"A_first2"
"ldrc2_1_173","1",1,"active_ns",8,3.75934588909,1,"A_first2"
"ldrc2_1_173","1",1,"active_s",8,3.05344688892,1,"A_first2"
"ldrc2_1_173","1",1,"passive_ns",8,2.68280053139,1,"A_first2"
"ldrc2_1_173","1",1,"passive_s",8,4.25357794762,0.875,"A_first2"
"ldrc2_1_173","2",1,"active_ns",8,3.866665005685,1,"A_first2"
"ldrc2_1_173","2",1,"active_s",8,3.05468559265,1,"A_first2"
"ldrc2_1_173","2",1,"passive_ns",8,4.05409002304,0.875,"A_first2"
"ldrc2_1_173","2",1,"passive_s",8,3.15570306778,0.875,"A_first2"
"ldrc2_1_173","3",1,"active_ns",8,3.10194015503,0.625,"A_first2"
"ldrc2_1_173","3",1,"active_s",8,3.43335199356,1,"A_first2"
"ldrc2_1_173","3",1,"passive_ns",8,3.112963080405,1,"A_first2"
"ldrc2_1_173","3",1,"passive_s",8,3.06529545784,0.75,"A_first2"
"1627_2","1",1,"active_ns",8,6.39676054173,0.625,"H_first"
"1627_2","1",1,"active_s",7,6.63352650443,0.714285714285714,"H_first"
"1627_2","1",1,"passive_ns",8,6.48499891541,0.625,"H_first"
"1627_2","1",1,"passive_s",8,5.722367031395,0.5,"H_first"
"1627_2","2",1,"active_ns",8,5.818732894045,0.75,"H_first"
"1627_2","2",1,"active_s",8,4.97102710203,0.625,"H_first"
"1627_2","2",1,"passive_ns",8,5.38631867422,0.5,"H_first"
"1627_2","2",1,"passive_s",8,5.42650786257,0.625,"H_first"
"1794_1","1",1,"active_ns",8,7.0949549116,0.625,"H_first"
"1794_1","1",1,"active_s",8,6.162794749885,0.5,"H_first"
"1794_1","1",1,"passive_ns",8,5.85224288272,0.875,"H_first"
"1794_1","1",1,"passive_s",8,6.8007050409,0.625,"H_first"
"1794_1_second","1",1,"active_ns",8,5.875841990305,0.75,"H_second"
"1794_1_second","1",1,"active_s",8,5.377195457125,0.75,"H_second"
"1794_1_second","1",1,"passive_ns",7,5.27032353606,0.714285714285714,"H_second"
"1794_1_second","1",1,"passive_s",8,5.20556930556,0.5,"H_second"
"1986_1_second","1",1,"active_ns",8,3.61464620603,0.875,"H_second"
"1986_1_second","1",1,"active_s",8,3.483628010185,0.75,"H_second"
"1986_1_second","1",1,"passive_ns",8,4.50962184323,0.875,"H_second"
"1986_1_second","1",1,"passive_s",8,4.60933743937,0.375,"H_second"
"1986_1_second","3",1,"active_ns",8,4.44799060258,0.75,"H_second"
"1986_1_second","3",1,"active_s",8,3.954026381045,0.5,"H_second"
"1986_1_second","3",1,"passive_ns",8,5.76811918884,0.875,"H_second"
"1986_1_second","3",1,"passive_s",8,5.2544130407,0.875,"H_second"
"2436_2_second","1",1,"active_ns",8,3.53028190968,1,"H_second"
"2436_2_second","1",1,"active_s",8,4.16895141168,0.875,"H_second"
"2436_2_second","1",1,"passive_ns",8,3.30319208413,0.875,"H_second"
"2436_2_second","1",1,"passive_s",8,4.17955784405,0.375,"H_second"
"2436_2_second","2",1,"active_ns",8,3.37797604584,0.875,"H_second"
"2436_2_second","2",1,"active_s",8,4.24170646449,0.875,"H_second"
"2436_2_second","2",1,"passive_ns",8,4.1527557008,1,"H_second"
"2436_2_second","2",1,"passive_s",8,4.0727921935,1,"H_second"
"2436_2_second","3",1,"active_ns",8,3.59358762061,1,"H_second"
"2436_2_second","3",1,"active_s",8,3.88988497055,0.875,"H_second"
"2436_2_second","3",1,"passive_ns",8,3.11159196449,0.875,"H_second"
"2436_2_second","3",1,"passive_s",8,3.97774166438,0.875,"H_second"
"2569_2_second","1",1,"active_ns",8,4.52355586831,0.75,"H_second"
"2569_2_second","1",1,"active_s",8,3.188071783215,1,"H_second"
"2569_2_second","1",1,"passive_ns",8,6.20447327391,0.625,"H_second"
"2569_2_second","1",1,"passive_s",8,7.33350336521,0.375,"H_second"
"2569_2_second","2",1,"active_ns",8,6.89618704507,0.625,"H_second"
"2569_2_second","2",1,"active_s",8,4.64223489054,0.625,"H_second"
"2569_2_second","2",1,"passive_ns",8,6.219927472385,0.5,"H_second"
"2569_2_second","2",1,"passive_s",8,6.22385177119,0.875,"H_second"
"2569_2_second","3",1,"active_ns",8,4.35004650523,1,"H_second"
"2569_2_second","3",1,"active_s",8,4.36036952102,1,"H_second"
"2569_2_second","3",1,"passive_ns",8,5.62982328802,0.75,"H_second"
"2569_2_second","3",1,"passive_s",8,4.554485206435,1,"H_second"
"1496_2_third","1",1,"active_ns",8,3.11771876116,0.875,"H_third"
"1496_2_third","1",1,"active_s",8,4.10186602489,0.75,"H_third"
"1496_2_third","1",1,"passive_ns",7,3.75749420757,1,"H_third"
"1496_2_third","1",1,"passive_s",8,7.1267875149,0.125,"H_third"
"1496_2_third","2",1,"active_ns",8,3.68813100382,1,"H_third"
"1496_2_third","2",1,"active_s",8,3.43124310519,1,"H_third"
"1496_2_third","2",1,"passive_ns",8,4.15205058462,0.625,"H_third"
"1496_2_third","2",1,"passive_s",8,4.014419049755,0.5,"H_third"
"1496_2_third","3",1,"active_ns",8,3.527203692935,0.75,"H_third"
"1496_2_third","3",1,"active_s",8,3.08494943277,1,"H_third"
"1496_2_third","3",1,"passive_ns",8,3.134787868925,1,"H_third"
"1496_2_third","3",1,"passive_s",8,2.849126275045,0.75,"H_third"
"1589_2_third","1",1,"active_ns",8,3.85364384499,0.75,"H_third"
"1589_2_third","1",1,"active_s",8,4.32785438212,0.625,"H_third"
"1589_2_third","1",1,"passive_ns",8,5.128480484,0.875,"H_third"
"1589_2_third","1",1,"passive_s",8,4.5442994937,0.5,"H_third"
"1589_2_third","2",1,"active_ns",8,2.75161938569,0.75,"H_third"
"1589_2_third","2",1,"active_s",8,3.76538287991,0.625,"H_third"
"1589_2_third","2",1,"passive_ns",8,3.50140898606,0.875,"H_third"
"1589_2_third","2",1,"passive_s",8,3.64971326383,0.625,"H_third"
"1690_2_third","1",1,"active_ns",8,3.474374809355,1,"H_third"
"1690_2_third","1",1,"active_s",8,3.79187825081,1,"H_third"
"1690_2_third","1",1,"passive_ns",8,4.7558903761,1,"H_third"
"1690_2_third","1",1,"passive_s",8,3.5960386549,0.75,"H_third"
"1690_2_third","2",1,"active_ns",8,3.40503309484,1,"H_third"
"1690_2_third","2",1,"active_s",8,3.378180281545,0.25,"H_third"
"1690_2_third","2",1,"passive_ns",8,3.54363177168,1,"H_third"
"1690_2_third","2",1,"passive_s",8,4.158197571785,0.5,"H_third"
"1690_2_third","3",1,"active_ns",8,3.67630846321,1,"H_third"
"1690_2_third","3",1,"active_s",8,3.46654323271,0.625,"H_third"
"1690_2_third","3",1,"passive_ns",8,2.644929211175,1,"H_third"
"1690_2_third","3",1,"passive_s",8,3.489067559945,0.75,"H_third"
"1697_1_third","1",1,"active_ns",8,4.78102646186,0.75,"H_third"
"1697_1_third","1",1,"active_s",8,3.35771002115,0.875,"H_third"
"1697_1_third","1",1,"passive_ns",8,3.75341006793,1,"H_third"
"1697_1_third","1",1,"passive_s",8,3.90227540689,0.875,"H_third"
"1697_1_third","2",1,"active_ns",8,3.1390278827,0.875,"H_third"
"1697_1_third","2",1,"active_s",8,4.05909506861,0.875,"H_third"
"1697_1_third","2",1,"passive_ns",8,4.154524419885,1,"H_third"
"1697_1_third","2",1,"passive_s",8,4.06907022357,0.625,"H_third"
"1697_1_third","3",1,"active_ns",8,3.661035375725,0.75,"H_third"
"1697_1_third","3",1,"active_s",8,3.7692628042,0.875,"H_third"
"1697_1_third","3",1,"passive_ns",8,4.52405637863,1,"H_third"
"1697_1_third","3",1,"passive_s",8,4.45586153951,0.75,"H_third"
"2167_2_third","1",1,"active_ns",8,6.45279264514,0.625,"H_third"
"2167_2_third","1",1,"active_s",8,2.91378040522,0.625,"H_third"
"2167_2_third","1",1,"passive_ns",8,5.40515895939,0.5,"H_third"
"2167_2_third","1",1,"passive_s",8,4.52263307332,0.875,"H_third"
"2167_2_third","3",1,"active_ns",8,3.739002520055,0.75,"H_third"
"2167_2_third","3",1,"active_s",8,4.12777381783,0.75,"H_third"
"2167_2_third","3",1,"passive_ns",8,3.838579034,0.625,"H_third"
"2167_2_third","3",1,"passive_s",8,4.111215465815,1,"H_third"
"2416_1_third","1",1,"active_ns",8,5.872038280785,1,"H_third"
"2416_1_third","1",1,"active_s",8,4.91726981704,0.625,"H_third"
"2416_1_third","1",1,"passive_ns",8,5.71271234726,1,"H_third"
"2416_1_third","1",1,"passive_s",8,4.025429514975,0.75,"H_third"
"2416_1_third","2",1,"active_ns",8,6.04920900968,0.875,"H_third"
"2416_1_third","2",1,"active_s",8,4.93266052334,0.875,"H_third"
"2416_1_third","2",1,"passive_ns",8,6.02015782665,0.75,"H_third"
"2416_1_third","2",1,"passive_s",8,6.04612984111,0.625,"H_third"
"2416_1_third","3",1,"active_ns",8,4.92356051931,0.625,"H_third"
"2416_1_third","3",1,"active_s",8,4.427226045665,1,"H_third"
"2416_1_third","3",1,"passive_ns",8,6.40055071797,0.875,"H_third"
"2416_1_third","3",1,"passive_s",8,4.64950463831,0.875,"H_third"
"2479_1_third","1",1,"active_ns",8,4.69763855502,0.875,"H_third"
"2479_1_third","1",1,"active_s",8,3.561282156445,1,"H_third"
"2479_1_third","1",1,"passive_ns",8,4.88264883591,1,"H_third"
"2479_1_third","1",1,"passive_s",8,5.242063322725,0.75,"H_third"
"2479_1_third","2",1,"active_ns",8,4.132651996835,1,"H_third"
"2479_1_third","2",1,"active_s",8,3.668492098485,1,"H_third"
"2479_1_third","2",1,"passive_ns",8,4.225450905365,1,"H_third"
"2479_1_third","2",1,"passive_s",8,4.00838750362,0.875,"H_third"
"2479_1_third","3",1,"active_ns",8,3.87029971062,0.75,"H_third"
"2479_1_third","3",1,"active_s",8,4.22013048281,0.875,"H_third"
"2479_1_third","3",1,"passive_ns",8,5.362460231665,0.75,"H_third"
"2479_1_third","3",1,"passive_s",8,5.460505676225,0.5,"H_third"
"2569_2_third","1",1,"active_ns",8,5.55634484813,1,"H_third"
"2569_2_third","1",1,"active_s",8,3.785355574805,0.75,"H_third"
"2569_2_third","1",1,"passive_ns",8,5.033749024055,1,"H_third"
"2569_2_third","1",1,"passive_s",8,4.68995348668,0.875,"H_third"
"2569_2_third","2",1,"active_ns",8,4.81556769798,0.75,"H_third"
"2569_2_third","2",1,"active_s",8,3.569980773545,1,"H_third"
"2569_2_third","2",1,"passive_ns",8,5.15196168301,0.875,"H_third"
"2569_2_third","2",1,"passive_s",8,3.51563601392,0.875,"H_third"
"2569_2_third","3",1,"active_ns",8,4.940257332605,1,"H_third"
"2569_2_third","3",1,"active_s",8,3.536967459645,1,"H_third"
"2569_2_third","3",1,"passive_ns",8,4.360880647425,0.75,"H_third"
"2569_2_third","3",1,"passive_s",8,3.67353079235,0.875,"H_third"
"2798_1_third","2",1,"active_ns",8,5.09196982754,0.875,"H_third"
"2798_1_third","2",1,"active_s",8,5.51909130169,0.375,"H_third"
"2798_1_third","2",1,"passive_ns",8,5.63340303139,1,"H_third"
"2798_1_third","2",1,"passive_s",8,6.06115174856,0.375,"H_third"
"LDFHO10238_1","1",1,"active_ns",8,4.55890228608,0.75,"H_first2"
"LDFHO10238_1","1",1,"active_s",8,3.47040592237,0.625,"H_first2"
"LDFHO10238_1","1",1,"passive_ns",7,5.0417157603,0.571428571428571,"H_first2"
"LDFHO10238_1","1",1,"passive_s",8,4.72118885225,0.875,"H_first2"
"LDFHO10297_1","1",1,"active_ns",8,5.06063382599,0.875,"H_first2"
"LDFHO10297_1","1",1,"active_s",8,3.840489152875,0.75,"H_first2"
"LDFHO10297_1","1",1,"passive_ns",8,3.84717933643,0.875,"H_first2"
"LDFHO10297_1","1",1,"passive_s",8,4.19454516432,1,"H_first2"
"LDFHO10297_1","2",1,"active_ns",8,4.23590379411,1,"H_first2"
"LDFHO10297_1","2",1,"active_s",8,2.97213572627,0.875,"H_first2"
"LDFHO10297_1","2",1,"passive_ns",8,3.933866849045,0.75,"H_first2"
"LDFHO10297_1","2",1,"passive_s",8,3.7182720539,0.75,"H_first2"
"LDFHO10328_1","1",1,"active_ns",8,4.11118157439,0.875,"H_first2"
"LDFHO10328_1","1",1,"active_s",8,3.88002144718,0.875,"H_first2"
"LDFHO10328_1","1",1,"passive_ns",8,3.44581248575,1,"H_first2"
"LDFHO10328_1","1",1,"passive_s",8,5.16766494038,0.625,"H_first2"
"LDFHO10328_1","2",1,"active_ns",8,4.614947277005,0.75,"H_first2"
"LDFHO10328_1","2",1,"active_s",8,3.3228385191,0.625,"H_first2"
"LDFHO10328_1","2",1,"passive_ns",8,4.64117344675,0.625,"H_first2"
"LDFHO10328_1","2",1,"passive_s",8,3.95106384408,0.875,"H_first2"
"LDFHO10328_1","3",1,"active_ns",8,3.730236873045,0.75,"H_first2"
"LDFHO10328_1","3",1,"active_s",8,4.026461333495,1,"H_first2"
"LDFHO10328_1","3",1,"passive_ns",8,4.4148642658,0.75,"H_first2"
"LDFHO10328_1","3",1,"passive_s",8,4.57497423919,0.375,"H_first2"
"LDFHO10493_1","1",1,"active_ns",8,3.60108450382,1,"H_first2"
"LDFHO10493_1","1",1,"active_s",8,3.111319093755,0.75,"H_first2"
"LDFHO10493_1","1",1,"passive_ns",8,3.963348014385,1,"H_first2"
"LDFHO10493_1","1",1,"passive_s",8,3.67346154196,0.875,"H_first2"
"LDFHO10493_1","2",1,"active_ns",8,3.38147169002,0.875,"H_first2"
"LDFHO10493_1","2",1,"active_s",8,2.710866018655,1,"H_first2"
"LDFHO10493_1","2",1,"passive_ns",8,2.843830343585,1,"H_first2"
"LDFHO10493_1","2",1,"passive_s",8,3.41701913963,0.875,"H_first2"
"/LDFHO1794_1","1",1,"active_ns",8,5.83585306817,0.75,"H_first2"
"/LDFHO1794_1","1",1,"active_s",8,4.66255243219,0.75,"H_first2"
"/LDFHO1794_1","1",1,"passive_ns",8,4.69695300622,0.875,"H_first2"
"/LDFHO1794_1","1",1,"passive_s",8,3.88927720231,0.625,"H_first2"
"/LDFHO1794_1","2",1,"active_ns",8,5.663166841045,0.75,"H_first2"
"/LDFHO1794_1","2",1,"active_s",8,5.30774020818,0.625,"H_first2"
"/LDFHO1794_1","2",1,"passive_ns",8,6.19980378428,0.625,"H_first2"
"/LDFHO1794_1","2",1,"passive_s",8,3.86008863292,0.625,"H_first2"
"/LDFHO5782_1","1",1,"active_ns",8,4.8303480871,0.5,"H_first2"
"/LDFHO5782_1","1",1,"active_s",8,4.359522739905,1,"H_first2"
"/LDFHO5782_1","1",1,"passive_ns",8,4.4121575837,0.625,"H_first2"
"/LDFHO5782_1","1",1,"passive_s",8,5.119854149455,0.75,"H_first2"
"/LDFHO5782_1","2",1,"active_ns",8,3.96085556118,1,"H_first2"
"/LDFHO5782_1","2",1,"active_s",8,3.485549282545,0.75,"H_first2"
"/LDFHO5782_1","2",1,"passive_ns",8,3.59985175509,1,"H_first2"
"/LDFHO5782_1","2",1,"passive_s",8,3.38625186541,0.625,"H_first2"
"/LDFHO5782_1","3",1,"active_ns",8,3.862683216995,0.75,"H_first2"
"/LDFHO5782_1","3",1,"active_s",8,3.08375679143,0.625,"H_first2"
"/LDFHO5782_1","3",1,"passive_ns",8,3.70457303136,0.875,"H_first2"
"/LDFHO5782_1","3",1,"passive_s",8,4.39146730453,0.5,"H_first2"
"/LDFHO9087_1","2",1,"active_ns",8,2.6961227887,1,"H_first2"
"/LDFHO9087_1","2",1,"active_s",8,2.90004373909,0.875,"H_first2"
"/LDFHO9087_1","2",1,"passive_ns",8,3.281864043745,1,"H_first2"
"/LDFHO9087_1","2",1,"passive_s",8,4.4613628183,0.75,"H_first2"
"/LDFHO9087_1","3",1,"active_ns",8,2.23509561949,1,"H_first2"
"/LDFHO9087_1","3",1,"active_s",8,2.33825348678,1,"H_first2"
"/LDFHO9087_1","3",1,"passive_ns",8,2.49116308437,1,"H_first2"
"/LDFHO9087_1","3",1,"passive_s",8,3.485074382135,0.75,"H_first2"
"c_032","1",1,"active_ns",8,4.844091653825,1,"A_control"
"c_032","1",1,"active_s",7,3.23459291458,1,"A_control"
"c_032","1",1,"passive_ns",8,4.61464214325,0.875,"A_control"
"c_032","1",1,"passive_s",8,4.2492095232,1,"A_control"
"c_032","2",1,"active_ns",8,4.36336803436,0.875,"A_control"
"c_032","2",1,"active_s",8,3.69406449795,1,"A_control"
"c_032","2",1,"passive_ns",8,4.56101202965,0.875,"A_control"
"c_032","2",1,"passive_s",8,3.5741019249,0.625,"A_control"
"c_032","3",1,"active_ns",8,3.77836084366,0.875,"A_control"
"c_032","3",1,"active_s",8,3.91113948822,0.5,"A_control"
"c_032","3",1,"passive_ns",8,4.23277497292,0.875,"A_control"
"c_032","3",1,"passive_s",8,4.74646353722,0.5,"A_control"
"c_037","1",1,"active_ns",8,2.93185353279,1,"A_control"
"c_037","1",1,"active_s",8,2.95568799973,0.875,"A_control"
"c_037","1",1,"passive_ns",8,3.11322188377,1,"A_control"
"c_037","1",1,"passive_s",8,3.66295492649,0.75,"A_control"
"c_037","2",1,"active_ns",8,3.176707983015,1,"A_control"
"c_037","2",1,"active_s",8,3.78125345707,1,"A_control"
"c_037","2",1,"passive_ns",8,3.73235297203,1,"A_control"
"c_037","2",1,"passive_s",8,3.51440048218,1,"A_control"
"c_039","1",1,"active_ns",8,4.90693378448,0.875,"A_control"
"c_039","1",1,"active_s",8,4.428172945975,0.75,"A_control"
"c_039","1",1,"passive_ns",8,4.601682901385,1,"A_control"
"c_039","1",1,"passive_s",8,3.90643882751,0.625,"A_control"
"c_039","2",1,"active_ns",8,3.55359005928,0.875,"A_control"
"c_039","2",1,"active_s",8,2.357166051865,1,"A_control"
"c_039","2",1,"passive_ns",8,3.53855907917,0.75,"A_control"
"c_039","2",1,"passive_s",8,3.0196378231,0.625,"A_control"
"c_039","3",1,"active_ns",8,3.288960576055,0.75,"A_control"
"c_039","3",1,"active_s",8,2.87589085102,1,"A_control"
"c_039","3",1,"passive_ns",8,3.842274546625,1,"A_control"
"c_039","3",1,"passive_s",8,4.512879014015,1,"A_control"
"c_043","1",1,"active_ns",8,5.07118010521,0.625,"A_control"
"c_043","1",1,"active_s",8,4.47788786888,0.625,"A_control"
"c_043","1",1,"passive_ns",8,6.04098546505,0.75,"A_control"
"c_043","1",1,"passive_s",8,5.16156005859,0.625,"A_control"
"c_043","2",1,"active_ns",8,4.9840849638,1,"A_control"
"c_043","2",1,"active_s",8,3.73214101791,0.625,"A_control"
"c_043","2",1,"passive_ns",8,5.16675186157,0.875,"A_control"
"c_043","2",1,"passive_s",8,5.4174888134,0.625,"A_control"
"c_043","3",1,"active_ns",8,4.84954094887,0.875,"A_control"
"c_043","3",1,"active_s",8,4.91855692863,0.875,"A_control"
"c_043","3",1,"passive_ns",8,4.699108600615,1,"A_control"
"c_043","3",1,"passive_s",8,5.179793357845,0.75,"A_control"
"c_044","1",1,"active_ns",8,4.5195915699,0.75,"A_control"
"c_044","1",1,"active_s",8,3.06866383553,0.875,"A_control"
"c_044","1",1,"passive_ns",8,5.18877387047,0.875,"A_control"
"c_044","1",1,"passive_s",8,4.31923699379,1,"A_control"
"c_044","2",1,"active_ns",8,5.547350883485,1,"A_control"
"c_044","2",1,"active_s",8,3.94061899185,1,"A_control"
"c_044","2",1,"passive_ns",8,4.01738190651,0.875,"A_control"
"c_044","2",1,"passive_s",8,3.93298208714,0.75,"A_control"
"c_045","1",1,"active_ns",8,3.239506959915,1,"A_control"
"c_045","1",1,"active_s",8,4.00256514549,0.875,"A_control"
"c_045","1",1,"passive_ns",8,3.941857934,1,"A_control"
"c_045","1",1,"passive_s",8,3.025015592575,1,"A_control"
"c_045","2",1,"active_ns",8,3.393564105035,1,"A_control"
"c_045","2",1,"active_s",8,2.472705602645,1,"A_control"
"c_045","2",1,"passive_ns",8,2.974604010585,1,"A_control"
"c_045","2",1,"passive_s",8,3.08622944355,1,"A_control"
"c_046","1",1,"active_ns",8,4.339198470115,1,"A_control"
"c_046","1",1,"active_s",8,3.614659428595,1,"A_control"
"c_046","1",1,"passive_ns",8,5.100748538975,1,"A_control"
"c_046","1",1,"passive_s",8,2.83969378471,0.875,"A_control"
"c_046","3",1,"active_ns",8,4.090595960615,1,"A_control"
"c_046","3",1,"active_s",8,2.534969568255,1,"A_control"
"c_046","3",1,"passive_ns",8,4.052750587465,1,"A_control"
"c_046","3",1,"passive_s",8,3.231099963185,1,"A_control"
"c_047","1",1,"active_ns",8,3.3092880249,0.875,"A_control"
"c_047","1",1,"active_s",8,3.34115445614,1,"A_control"
"c_047","1",1,"passive_ns",8,3.154088974,1,"A_control"
"c_047","1",1,"passive_s",8,2.74751400948,0.5,"A_control"
"c_047","2",1,"active_ns",8,3.86510491371,0.875,"A_control"
"c_047","2",1,"active_s",8,4.31161248684,1,"A_control"
"c_047","2",1,"passive_ns",8,3.26295781136,0.875,"A_control"
"c_047","2",1,"passive_s",8,3.06138408184,1,"A_control"
"c_058","1",1,"active_ns",8,1.625754594805,1,"A_control"
"c_058","1",1,"active_s",8,1.74899601936,0.875,"A_control"
"c_058","1",1,"passive_ns",8,1.95235359669,1,"A_control"
"c_058","1",1,"passive_s",8,1.77130997181,1,"A_control"
"c_058","3",1,"active_ns",8,1.875854492185,1,"A_control"
"c_058","3",1,"active_s",8,1.50820207596,0.875,"A_control"
"c_058","3",1,"passive_ns",8,1.65564656258,1,"A_control"
"c_058","3",1,"passive_s",8,1.590346455575,1,"A_control"
"c_059","1",1,"active_ns",8,2.4634295702,1,"A_control"
"c_059","1",1,"active_s",8,2.74264085293,1,"A_control"
"c_059","1",1,"passive_ns",8,3.26553893089,0.875,"A_control"
"c_059","1",1,"passive_s",8,2.549661874775,1,"A_control"
"c_059","2",1,"active_ns",8,2.597250580785,1,"A_control"
"c_059","2",1,"active_s",8,2.582454442975,1,"A_control"
"c_059","2",1,"passive_ns",8,2.605439066885,1,"A_control"
"c_059","2",1,"passive_s",8,4.64707803726,0.875,"A_control"
"c_059","3",1,"active_ns",8,2.156616449355,1,"A_control"
"c_059","3",1,"active_s",8,2.28874397278,1,"A_control"
"c_059","3",1,"passive_ns",8,4.05102610588,1,"A_control"
"c_059","3",1,"passive_s",8,2.511812567715,1,"A_control"
"c_061","1",1,"active_ns",8,4.04655408859,0.875,"A_control"
"c_061","1",1,"active_s",8,4.15447795391,0.75,"A_control"
"c_061","1",1,"passive_ns",8,3.92757344246,0.75,"A_control"
"c_061","1",1,"passive_s",8,4.271421551705,1,"A_control"
"c_061","2",1,"active_ns",8,4.45882701874,0.625,"A_control"
"c_061","2",1,"active_s",8,2.942561507225,1,"A_control"
"c_061","2",1,"passive_ns",8,4.81544280052,0.375,"A_control"
"c_061","2",1,"passive_s",8,4.01171088219,0.875,"A_control"
"c_061","3",1,"active_ns",8,4.77526688576,0.875,"A_control"
"c_061","3",1,"active_s",8,2.797820925715,1,"A_control"
"c_061","3",1,"passive_ns",8,5.367352366445,0.75,"A_control"
"c_061","3",1,"passive_s",8,2.784301400185,1,"A_control"
"c_062","1",1,"active_ns",8,5.80394101143,0.75,"A_control"
"c_062","1",1,"active_s",8,2.67589998245,1,"A_control"
"c_062","1",1,"passive_ns",8,4.70946502686,0.875,"A_control"
"c_062","1",1,"passive_s",8,3.47175359726,1,"A_control"
"c_062","2",1,"active_ns",8,4.94412779808,0.625,"A_control"
"c_062","2",1,"active_s",8,3.219945907595,1,"A_control"
"c_062","2",1,"passive_ns",8,4.97228598595,0.625,"A_control"
"c_062","2",1,"passive_s",8,2.799973130225,1,"A_control"
"c_078","1",1,"active_ns",8,2.99181854725,1,"A_control"
"c_078","1",1,"active_s",8,2.54525399208,0.875,"A_control"
"c_078","1",1,"passive_ns",8,2.64457798004,1,"A_control"
"c_078","1",1,"passive_s",8,2.385604023935,1,"A_control"
"c_078","2",1,"active_ns",8,2.875893116,1,"A_control"
"c_078","2",1,"active_s",8,2.78064441681,0.75,"A_control"
"c_078","2",1,"passive_ns",8,3.81534600258,0.875,"A_control"
"c_078","2",1,"passive_s",8,3.15945053101,0.75,"A_control"
"c_079","1",1,"active_ns",8,5.1208691597,0.875,"A_control"
"c_079","1",1,"active_s",8,4.601143956185,1,"A_control"
"c_079","1",1,"passive_ns",8,5.75478696823,0.75,"A_control"
"c_079","1",1,"passive_s",8,6.38740336895,1,"A_control"
"c_079","2",1,"active_ns",8,4.354197502135,1,"A_control"
"c_079","2",1,"active_s",8,4.22195291519,0.875,"A_control"
"c_079","2",1,"passive_ns",8,5.48205494881,0.875,"A_control"
"c_079","2",1,"passive_s",8,3.81082701683,0.875,"A_control"
"c_079","3",1,"active_ns",8,3.25594806671,0.875,"A_control"
"c_079","3",1,"active_s",8,3.516979932785,1,"A_control"
"c_079","3",1,"passive_ns",8,3.971638560295,1,"A_control"
"c_079","3",1,"passive_s",8,3.55481600761,0.875,"A_control"
"c_081","1",1,"active_ns",8,4.60787343979,1,"A_control"
"c_081","1",1,"active_s",8,3.3644490242,0.875,"A_control"
"c_081","1",1,"passive_ns",8,4.436034560205,1,"A_control"
"c_081","1",1,"passive_s",8,3.62925601006,0.875,"A_control"
"c_081","2",1,"active_ns",8,3.52823615074,0.875,"A_control"
"c_081","2",1,"active_s",8,3.18392014503,0.875,"A_control"
"c_081","2",1,"passive_ns",8,3.19940495491,1,"A_control"
"c_081","2",1,"passive_s",8,3.097561001775,1,"A_control"
"c_081","3",1,"active_ns",8,2.97395348549,0.75,"A_control"
"c_081","3",1,"active_s",8,2.695060014725,1,"A_control"
"c_081","3",1,"passive_ns",8,3.06409096718,0.875,"A_control"
"c_081","3",1,"passive_s",8,2.93112897873,0.625,"A_control"
"c_082","1",1,"active_ns",8,3.292336463925,1,"A_control"
"c_082","1",1,"active_s",8,3.33301591873,1,"A_control"
"c_082","1",1,"passive_ns",8,3.063678979875,1,"A_control"
"c_082","1",1,"passive_s",8,3.515585064885,0.5,"A_control"
"c_082","2",1,"active_ns",8,2.61032414436,0.875,"A_control"
"c_082","2",1,"active_s",8,2.7734811306,0.875,"A_control"
"c_082","2",1,"passive_ns",8,2.61688542366,1,"A_control"
"c_082","2",1,"passive_s",8,3.102609992025,0.75,"A_control"
"c_082","3",1,"active_ns",8,2.596596956255,1,"A_control"
"c_082","3",1,"active_s",8,2.41156601906,1,"A_control"
"c_082","3",1,"passive_ns",8,2.77986907959,1,"A_control"
"c_082","3",1,"passive_s",8,2.756285071375,0.75,"A_control"
"c_084","1",1,"active_ns",8,3.67834496498,1,"A_control"
"c_084","1",1,"active_s",8,2.8314050436,1,"A_control"
"c_084","1",1,"passive_ns",8,3.87609744072,1,"A_control"
"c_084","1",1,"passive_s",8,3.19332957268,1,"A_control"
"c_084","2",1,"active_ns",8,3.598004102705,1,"A_control"
"c_084","2",1,"active_s",8,3.80735564232,1,"A_control"
"c_084","2",1,"passive_ns",8,3.80945849419,1,"A_control"
"c_084","2",1,"passive_s",8,2.90858399868,1,"A_control"
"c_084","3",1,"active_ns",8,4.52378606796,0.875,"A_control"
"c_084","3",1,"active_s",8,2.60206568241,1,"A_control"
"c_084","3",1,"passive_ns",8,3.293152451515,1,"A_control"
"c_084","3",1,"passive_s",8,2.77876496315,1,"A_control"
"c_085","2",1,"active_ns",8,4.53726005554,0.875,"A_control"
"c_085","2",1,"active_s",8,2.44408249855,1,"A_control"
"c_085","2",1,"passive_ns",8,5.04968714714,0.625,"A_control"
"c_085","2",1,"passive_s",8,3.08231210709,0.875,"A_control"
"c_085","3",1,"active_ns",8,4.13975000381,0.875,"A_control"
"c_085","3",1,"active_s",8,2.788623929025,1,"A_control"
"c_085","3",1,"passive_ns",8,3.89484012127,1,"A_control"
"c_085","3",1,"passive_s",8,2.77519607544,0.875,"A_control"
"c_086","1",1,"active_ns",8,3.7354118824,0.875,"A_control"
"c_086","1",1,"active_s",8,2.945689439775,0.75,"A_control"
"c_086","1",1,"passive_ns",8,4.1784504652,1,"A_control"
"c_086","1",1,"passive_s",8,3.67332804203,1,"A_control"
"c_086","2",1,"active_ns",8,3.10226106644,0.625,"A_control"
"c_086","2",1,"active_s",8,3.0736464262,1,"A_control"
"c_086","2",1,"passive_ns",8,4.6999130249,0.875,"A_control"
"c_086","2",1,"passive_s",8,3.198040127755,1,"A_control"
"c_086","3",1,"active_ns",8,2.918658018115,1,"A_control"
"c_086","3",1,"active_s",8,2.29617249966,1,"A_control"
"c_086","3",1,"passive_ns",8,4.20734405518,0.875,"A_control"
"c_086","3",1,"passive_s",8,3.89801979065,0.875,"A_control"
"c_101","1",1,"active_ns",8,2.984288573265,1,"A_control"
"c_101","1",1,"active_s",8,2.134618401525,1,"A_control"
"c_101","1",1,"passive_ns",8,2.59489965439,1,"A_control"
"c_101","1",1,"passive_s",8,2.830961823465,1,"A_control"
"c_101","2",1,"active_ns",8,3.028995513915,1,"A_control"
"c_101","2",1,"active_s",8,3.1603178978,0.875,"A_control"
"c_101","2",1,"passive_ns",8,3.028966903685,1,"A_control"
"c_101","2",1,"passive_s",8,4.25926744938,0.5,"A_control"
"c_101","3",1,"active_ns",8,2.144763588905,1,"A_control"
"c_101","3",1,"active_s",8,2.717199444775,1,"A_control"
"c_101","3",1,"passive_ns",8,2.77538657188,1,"A_control"
"c_101","3",1,"passive_s",8,3.051149487495,1,"A_control"
"c_103","1",1,"active_ns",8,4.417694926265,1,"A_control"
"c_103","1",1,"active_s",8,4.380651593205,0.75,"A_control"
"c_103","1",1,"passive_ns",8,4.47061896324,0.875,"A_control"
"c_103","1",1,"passive_s",8,4.80514848232,0.5,"A_control"
"c_103","2",1,"active_ns",8,3.69794106483,0.875,"A_control"
"c_103","2",1,"active_s",8,4.355362534525,0.75,"A_control"
"c_103","2",1,"passive_ns",8,4.46572089195,0.875,"A_control"
"c_103","2",1,"passive_s",8,4.976093053815,0.25,"A_control"
"8957","1",1,"active_ns",7,5.52437298913,0.714285714285714,"H_control_first"
"8957","1",1,"active_s",8,5.04439976183,0.5,"H_control_first"
"8957","1",1,"passive_ns",8,6.6126448426,0.75,"H_control_first"
"8957","1",1,"passive_s",8,5.76582467284,0.5,"H_control_first"
"8957","2",1,"active_ns",8,5.23122207309,0.75,"H_control_first"
"8957","2",1,"active_s",8,5.57259149477,0.625,"H_control_first"
"8957","2",1,"passive_ns",8,5.41003707323,0.875,"H_control_first"
"8957","2",1,"passive_s",8,5.61635414078,0.5,"H_control_first"
"8957","3",1,"active_ns",8,3.77546853201,0.875,"H_control_first"
"8957","3",1,"active_s",8,5.246777774395,0.75,"H_control_first"
"8957","3",1,"passive_ns",8,5.41503877813,0.75,"H_control_first"
"8957","3",1,"passive_s",8,5.736785230135,0.25,"H_control_first"
"8960","1",1,"active_ns",8,4.48227045211,0.75,"H_control_first"
"8960","1",1,"active_s",8,4.3985128935,1,"H_control_first"
"8960","1",1,"passive_ns",8,7.31591046305,0.875,"H_control_first"
"8960","1",1,"passive_s",8,4.30254855213,0.75,"H_control_first"
"8960","2",1,"active_ns",8,5.134185116055,0.75,"H_control_first"
"8960","2",1,"active_s",8,4.10327659699,0.5,"H_control_first"
"8960","2",1,"passive_ns",8,7.29543938728,1,"H_control_first"
"8960","2",1,"passive_s",8,4.81849453631,0.625,"H_control_first"
"8960","3",1,"active_ns",8,7.33808963494,0.875,"H_control_first"
"8960","3",1,"active_s",8,4.33519302316,0.875,"H_control_first"
"8960","3",1,"passive_ns",8,6.24099347739,1,"H_control_first"
"8960","3",1,"passive_s",8,4.63228360955,0.75,"H_control_first"
"8961","1",1,"active_ns",8,3.26722577214,1,"H_control_first"
"8961","1",1,"active_s",8,3.051263825185,0.75,"H_control_first"
"8961","1",1,"passive_ns",8,3.397369816445,1,"H_control_first"
"8961","1",1,"passive_s",8,3.53283946188,0.875,"H_control_first"
"8961","2",1,"active_ns",8,3.05551905102,1,"H_control_first"
"8961","2",1,"active_s",8,2.30390933933,1,"H_control_first"
"8961","2",1,"passive_ns",8,3.673676590985,1,"H_control_first"
"8961","2",1,"passive_s",8,3.01802134271,0.875,"H_control_first"
"8961","3",1,"active_ns",8,3.59004507509,1,"H_control_first"
"8961","3",1,"active_s",8,2.060752392045,1,"H_control_first"
"8961","3",1,"passive_ns",8,3.58996842215,1,"H_control_first"
"8961","3",1,"passive_s",8,2.733158085225,0.75,"H_control_first"
"8963","1",1,"active_ns",8,3.02585100242,0.875,"H_control_first"
"8963","1",1,"active_s",8,2.999439138305,1,"H_control_first"
"8963","1",1,"passive_ns",8,3.71178386417,0.875,"H_control_first"
"8963","1",1,"passive_s",8,4.157290984685,1,"H_control_first"
"8963","2",1,"active_ns",8,3.24008910569,1,"H_control_first"
"8963","2",1,"active_s",8,3.14389688047,1,"H_control_first"
"8963","2",1,"passive_ns",8,3.867340306535,0.75,"H_control_first"
"8963","2",1,"passive_s",8,3.59529887666,1,"H_control_first"
"8963","3",1,"active_ns",8,3.43500029831,1,"H_control_first"
"8963","3",1,"active_s",8,3.159376979265,1,"H_control_first"
"8963","3",1,"passive_ns",8,3.73542263368,1,"H_control_first"
"8963","3",1,"passive_s",8,3.79450335786,0.875,"H_control_first"
"8972","1",1,"active_ns",8,3.049379706335,1,"H_control_first"
"8972","1",1,"active_s",8,2.59249562803,0.875,"H_control_first"
"8972","1",1,"passive_ns",8,3.66955246715,1,"H_control_first"
"8972","1",1,"passive_s",8,3.91243700852,0.625,"H_control_first"
"8972","2",1,"active_ns",8,3.11321357084,0.875,"H_control_first"
"8972","2",1,"active_s",8,4.79726207852,0.75,"H_control_first"
"8972","2",1,"passive_ns",8,4.427503992655,1,"H_control_first"
"8972","2",1,"passive_s",8,3.86974326899,1,"H_control_first"
"8972","3",1,"active_ns",8,3.283169847225,1,"H_control_first"
"8972","3",1,"active_s",8,3.22525680608,0.75,"H_control_first"
"8972","3",1,"passive_ns",8,3.35467766777,0.875,"H_control_first"
"8972","3",1,"passive_s",8,3.40170959083,0.875,"H_control_first"
